1.235.166.11,3,http://ip-api.com/csv/1.235.166.11,success,"Republic of Korea",KR,11,Seoul,Seoul,,37.5985,126.9783,Asia/Seoul,"SK Broadband Co Ltd","SK Broadband Co Ltd","AS9318 Hanaro Telecom Inc.",1.235.166.11
58.83.146.252,473,http://ip-api.com/csv/58.83.146.252,success,China,CN,45,"Guangxi Zhuangzu Zizhiqu",Nanning,,22.8167,108.3167,Asia/Chongqing,"Guangxi Seehu Technology Co., Ltd","Guangxi Seehu Technology Co., Ltd","AS4835 China Telecom (Group)",58.83.146.252
64.34.39.111,10,http://ip-api.com/csv/64.34.39.111,success,"United States",US,WA,Washington,Seattle,98121,47.6145,-122.348,America/Los_Angeles,"Peer 1 Network (USA)","WOW Technologies","AS13768 Peer 1 Network (USA) Inc.",64.34.39.111
91.240.163.39,4,http://ip-api.com/csv/91.240.163.39,success,Russia,RU,,,,,60,100,,Olimpstroy,Olimpstroy,"AS199004 Olimpstroy ltd.",91.240.163.39
103.41.124.22,2791,http://ip-api.com/csv/103.41.124.22,success,China,,,,,,0,0,,,,,103.41.124.22
103.41.124.39,11,http://ip-api.com/csv/103.41.124.39,success,China,,,,,,0,0,,,,,103.41.124.39
103.41.124.40,1074,http://ip-api.com/csv/103.41.124.40,success,China,,,,,,0,0,,,,,103.41.124.40
103.41.124.48,2578,http://ip-api.com/csv/103.41.124.48,success,China,,,,,,0,0,,,,,103.41.124.48
103.41.124.50,13446,http://ip-api.com/csv/103.41.124.50,success,China,,,,,,0,0,,,,,103.41.124.50
104.131.150.105,25,http://ip-api.com/csv/104.131.150.105,success,"United States",US,,,,,38,-97,,,,,104.131.150.105
115.236.179.140,15,http://ip-api.com/csv/115.236.179.140,success,China,CN,33,"Zhejiang Sheng",Hangzhou,,30.2936,120.1614,Asia/Shanghai,"China Telecom Zhejiang","China Telecom Hangzhou","AS4134 Chinanet",115.236.179.140
117.21.173.29,598,http://ip-api.com/csv/117.21.173.29,success,China,CN,36,"Jiangxi Sheng",Nanchang,,28.55,115.9333,Asia/Shanghai,"China Telecom Jiangxi","China Telecom Jiangxi","AS4134 Chinanet",117.21.173.29
118.123.206.70,1,http://ip-api.com/csv/118.123.206.70,success,China,CN,51,"Sichuan Sheng",Chengdu,,30.6667,104.0667,Asia/Chongqing,"China Telecom Sichuan","China Telecom Sichuan","AS38283 CHINANET SiChuan Telecom Internet Data Center",118.123.206.70
119.9.72.75,56,http://ip-api.com/csv/119.9.72.75,success,"Hong Kong",HK,,,"Central District",,22.2833,114.15,Asia/Hong_Kong,"Rackspace.com Hong Kong Limited","Rackspace.com Hong Kong Limited","AS45187 Rackspace IT Hosting AS IT Hosting Provider Hong Kong",119.9.72.75
162.213.153.135,1,http://ip-api.com/csv/162.213.153.135,success,"United States",US,FL,Florida,Miami,33166,25.8338,-80.3017,America/New_York,"FortaTrust USA Corporation","FortaTrust USA Corporation","AS26272 FortaTrust USA Corporation",162.213.153.135
209.92.176.31,2317,http://ip-api.com/csv/209.92.176.31,success,"United States",US,NY,"New York",Fairport,14450,43.1005,-77.426,America/New_York,"Windstream Business","Windstream Business","AS1785 PaeTec Communications, Inc.",209.92.176.31
211.147.242.113,387,http://ip-api.com/csv/211.147.242.113,success,China,CN,44,Guangdong,Guangzhou,,23.1167,113.25,Asia/Shanghai,"China Network Information Center","World Crossing Telecom(GuangZhou) Ltd.","AS4134 Chinanet",211.147.242.113
218.106.254.121,4,http://ip-api.com/csv/218.106.254.121,success,China,CN,11,"Beijing Shi",Beijing,,39.9289,116.3883,Asia/Shanghai,"China Unicom IP network","China Unicom Beijing","AS9929 China Netcom Corp.",218.106.254.121
220.177.198.39,22,http://ip-api.com/csv/220.177.198.39,success,China,CN,36,"Jiangxi Sheng",Nanchang,,28.55,115.9333,Asia/Shanghai,"China Telecom","China Telecom Jiangxi","AS4134 Chinanet",220.177.198.39
220.177.198.93,306,http://ip-api.com/csv/220.177.198.93,success,China,CN,36,"Jiangxi Sheng",Nanchang,,28.55,115.9333,Asia/Shanghai,"China Telecom","China Telecom Jiangxi","AS4134 Chinanet",220.177.198.93
222.186.34.116,568,http://ip-api.com/csv/222.186.34.116,success,China,CN,32,"Jiangsu Sheng",Nanjing,,32.0617,118.7778,Asia/Shanghai,"China Telecom jiangsu","China Telecom jiangsu","AS23650 AS Number for CHINANET jiangsu province backbone",222.186.34.116
222.186.34.202,32,http://ip-api.com/csv/222.186.34.202,success,China,CN,32,"Jiangsu Sheng",Nanjing,,32.0617,118.7778,Asia/Shanghai,"China Telecom jiangsu","China Telecom jiangsu","AS23650 AS Number for CHINANET jiangsu province backbone",222.186.34.202
222.186.34.244,598,http://ip-api.com/csv/222.186.34.244,success,China,CN,32,"Jiangsu Sheng",Nanjing,,32.0617,118.7778,Asia/Shanghai,"China Telecom jiangsu","China Telecom jiangsu","AS23650 AS Number for CHINANET jiangsu province backbone",222.186.34.244
222.186.56.46,26,http://ip-api.com/csv/222.186.56.46,success,China,CN,32,"Jiangsu Sheng",Nanjing,,32.0617,118.7778,Asia/Shanghai,"China Telecom jiangsu","China Telecom jiangsu","AS23650 AS Number for CHINANET jiangsu province backbone",222.186.56.46
222.219.187.9,76,http://ip-api.com/csv/222.219.187.9,success,China,CN,53,Yunnan,Kunming,,25.0389,102.7183,Asia/Chongqing,"China Telecom Yunnan","China Telecom Yunnan","AS4134 Chinanet",222.219.187.9
